date,tic,open,high,low,close,volume
2021-01-04,CSCO,38.54,38.57,37.7,38.26,554205
2021-01-05,CSCO,37.98,38.32,37.73,38.26,613061
2021-01-06,CSCO,38.31,39.01,38.18,38.62,481991
2021-01-07,CSCO,38.49,39.22,38.48,39.09,487891
2021-01-08,CSCO,38.48,39.48,38.48,39.19,621481
2021-01-11,CSCO,39.23,39.95,39.2,39.44,747910
2021-01-12,CSCO,39.42,39.93,39.11,39.82,674201
2021-01-13,CSCO,39.41,39.97,39.3,39.46,902283
2021-01-14,CSCO,39.04,39.65,39.04,39.26,1028955
2021-01-15,CSCO,39.11,39.69,39.05,39.52,872176
2021-01-19,CSCO,39.34,39.67,38.93,39.3,651591
2021-01-20,CSCO,39.45,39.56,39.26,39.39,424584
2021-01-21,CSCO,39.31,39.34,38.9,39.24,641327
2021-01-22,CSCO,38.88,39.03,38.46,38.97,479498
2021-01-25,CSCO,39.17,39.27,38.88,39.18,453908
2021-01-26,CSCO,39.02,39.43,38.95,39.36,281315
2021-01-27,CSCO,39.4,40.4,39.21,39.71,1011716
2021-01-28,CSCO,39.78,40.24,39.41,39.42,673658
2021-01-29,CSCO,38.99,39.44,38.69,38.77,535653
2021-02-01,CSCO,39.05,39.67,38.84,39.47,393555
2021-02-02,CSCO,39.58,39.93,39.51,39.86,454024
2021-02-03,CSCO,39.79,40.14,39.61,39.81,417910
2021-02-04,CSCO,39.84,41.14,39.81,41.09,1215570
2021-02-05,CSCO,41.39,42.04,41.32,41.84,1155553
2021-02-08,CSCO,42.33,42.9,42.28,42.54,990240
2021-02-09,CSCO,42.42,42.44,42.1,42.17,1019605
2021-02-10,CSCO,40.11,41.22,39.9,41.1,1683670
2021-02-11,CSCO,41.14,41.65,41.13,41.4,809622
2021-02-12,CSCO,41.29,41.46,40.8,41.12,527631
2021-02-16,CSCO,40.93,40.99,40.35,40.45,659910
2021-02-17,CSCO,40.24,40.33,39.88,40.21,369426
2021-02-18,CSCO,40.34,40.34,39.82,40.3,478100
2021-02-19,CSCO,40.47,40.5,39.64,39.71,836936
2021-02-22,CSCO,39.31,39.71,38.98,39.51,595989
2021-02-23,CSCO,39.36,39.8,39.22,39.58,625348
2021-02-24,CSCO,39.33,39.82,39.18,39.78,714698
2021-02-25,CSCO,39.64,40.21,39.34,39.61,643205
2021-02-26,CSCO,39.62,39.79,38.93,39.02,744758
2021-03-01,CSCO,39.39,40.19,39.36,39.94,689534
2021-03-02,CSCO,39.99,40.06,39.5,39.56,266560
2021-03-03,CSCO,39.44,39.59,39.13,39.25,479402
2021-03-04,CSCO,39.3,39.54,38.4,38.78,782188
2021-03-05,CSCO,39.5,40.63,39.44,40.18,1522156
2021-03-08,CSCO,40.24,42.08,40.2,41.26,1395443
2021-03-09,CSCO,41.63,42.06,41.5,41.65,866605
2021-03-10,CSCO,42.11,42.41,41.91,41.97,690878
2021-03-11,CSCO,42.17,42.68,41.94,42.45,901535
2021-03-12,CSCO,42.44,42.57,42.15,42.45,544899
2021-03-15,CSCO,42.55,42.98,42.54,42.96,674486
2021-03-16,CSCO,42.88,43.25,42.78,43.2,634414
2021-03-17,CSCO,43.11,43.11,42.51,43.0,762033
2021-03-18,CSCO,42.24,43.1,42.24,42.44,638941
2021-03-19,CSCO,42.36,42.77,42.02,42.63,894889
2021-03-22,CSCO,42.75,43.8,42.68,43.8,1005597
2021-03-23,CSCO,43.5,44.05,43.4,43.48,817826
2021-03-24,CSCO,43.42,43.87,43.16,43.18,1055891
2021-03-25,CSCO,43.98,44.69,43.74,43.92,1083428
2021-03-26,CSCO,44.03,45.77,43.97,45.77,1362426
2021-03-29,CSCO,45.58,46.03,45.46,45.7,692677
2021-03-30,CSCO,45.39,45.46,44.51,45.05,958278
2021-03-31,CSCO,45.07,45.25,44.83,44.94,793002
2021-04-01,CSCO,44.98,45.28,44.65,45.2,675581
2021-04-05,CSCO,45.28,46.34,45.28,45.9,834314
2021-04-06,CSCO,45.51,45.73,45.35,45.56,452397
2021-04-07,CSCO,45.55,45.65,45.17,45.34,407656
2021-04-08,CSCO,45.49,45.53,45.07,45.46,310775
2021-04-09,CSCO,45.4,45.67,45.26,45.63,552203
2021-04-12,CSCO,45.64,45.64,45.09,45.15,456184
2021-04-13,CSCO,45.22,45.43,44.98,45.26,360863
2021-04-14,CSCO,45.17,45.26,44.79,45.0,757278
2021-04-15,CSCO,45.33,45.48,44.99,45.24,539979
2021-04-16,CSCO,45.88,46.57,45.77,46.23,878458
2021-04-19,CSCO,46.0,46.37,45.97,46.29,575806
2021-04-20,CSCO,46.05,46.22,45.18,45.35,1086457
2021-04-21,CSCO,45.37,45.59,45.1,45.48,643214
2021-04-22,CSCO,45.36,45.6,45.0,45.1,529804
2021-04-23,CSCO,45.09,45.64,44.82,45.45,449150
2021-04-26,CSCO,45.23,45.33,45.1,45.21,426298
2021-04-27,CSCO,45.17,45.24,44.98,44.99,354778
2021-04-28,CSCO,45.15,45.34,44.59,44.76,516660
2021-04-29,CSCO,44.78,45.18,44.64,45.04,982341
2021-04-30,CSCO,44.85,44.85,44.15,44.6,573785
2021-05-03,CSCO,44.85,45.01,44.5,44.83,653092
2021-05-04,CSCO,44.71,44.86,44.04,44.4,718248
2021-05-05,CSCO,44.64,44.88,44.4,44.79,453222
2021-05-06,CSCO,44.68,46.16,44.62,45.96,1325441
2021-05-07,CSCO,45.93,47.0,45.73,46.79,877896
2021-05-10,CSCO,47.25,47.41,46.55,46.58,848773
2021-05-11,CSCO,46.48,46.48,45.63,46.26,628789
2021-05-12,CSCO,45.68,45.91,45.07,45.18,786770
2021-05-13,CSCO,45.54,46.24,45.45,45.98,521999
2021-05-14,CSCO,46.35,46.6,46.07,46.33,549385
2021-05-17,CSCO,46.21,46.55,46.14,46.37,588023
2021-05-18,CSCO,46.26,46.71,46.19,46.37,759753
2021-05-19,CSCO,45.42,46.11,45.42,45.93,867648
2021-05-20,CSCO,44.18,46.38,43.9,46.3,1647881
2021-05-21,CSCO,46.23,46.35,45.75,45.91,887818
2021-05-24,CSCO,46.33,47.08,46.3,46.74,658515
2021-05-25,CSCO,46.75,46.9,46.55,46.69,687103
2021-05-26,CSCO,46.76,46.93,46.26,46.35,674599
2021-05-27,CSCO,46.34,46.71,46.05,46.33,818929
2021-05-28,CSCO,46.57,46.59,46.27,46.33,459764
2021-06-01,CSCO,46.45,46.68,45.92,46.05,523068
2021-06-02,CSCO,46.11,46.4,45.91,46.36,504785
2021-06-03,CSCO,46.26,46.9,46.08,46.7,836730
2021-06-04,CSCO,46.91,47.43,46.88,47.36,402880
2021-06-07,CSCO,47.39,47.67,47.11,47.25,579906
2021-06-08,CSCO,47.25,47.63,47.2,47.39,411316
2021-06-09,CSCO,47.53,47.65,47.24,47.3,628979
2021-06-10,CSCO,47.65,48.24,47.53,48.22,811566
2021-06-11,CSCO,48.34,48.46,47.76,47.97,581051
2021-06-14,CSCO,47.72,47.72,46.87,47.41,607126
2021-06-15,CSCO,47.48,47.56,47.06,47.09,505601
2021-06-16,CSCO,47.16,47.22,46.54,46.83,530607
2021-06-17,CSCO,46.69,46.89,46.42,46.52,830178
2021-06-18,CSCO,46.19,46.26,45.44,45.59,741507
2021-06-21,CSCO,45.79,46.77,45.79,46.59,546740
2021-06-22,CSCO,46.68,46.72,46.25,46.67,353339
2021-06-23,CSCO,46.64,46.65,46.05,46.19,511401
2021-06-24,CSCO,46.42,46.45,46.08,46.19,541637
2021-06-25,CSCO,46.23,46.58,46.12,46.45,443271
2021-06-28,CSCO,46.55,46.67,46.35,46.4,399139
2021-06-29,CSCO,46.38,46.57,46.22,46.34,345470
2021-06-30,CSCO,46.35,46.46,46.09,46.41,536006
2021-07-01,CSCO,46.51,46.94,46.42,46.79,473168
2021-07-02,CSCO,46.9,47.28,46.59,47.2,463600
2021-07-06,CSCO,46.88,47.05,46.16,46.71,581882
2021-07-07,CSCO,46.73,46.99,46.46,46.96,339867
2021-07-08,CSCO,46.76,47.37,46.66,46.97,326903
2021-07-09,CSCO,47.04,47.55,47.04,47.35,470894
2021-07-12,CSCO,47.62,47.62,46.85,46.95,438823
2021-07-13,CSCO,47.16,47.23,46.92,47.04,335752
2021-07-14,CSCO,47.25,47.78,47.04,47.67,669692
2021-07-15,CSCO,47.36,47.48,46.95,47.32,362015
2021-07-16,CSCO,47.47,47.97,47.31,47.32,502438
2021-07-19,CSCO,47.33,47.35,46.5,46.8,515705
2021-07-20,CSCO,47.08,47.55,46.95,47.26,357750
2021-07-21,CSCO,47.44,47.53,47.11,47.48,591063
2021-07-22,CSCO,47.54,48.1,47.43,48.1,604152
2021-07-23,CSCO,48.34,48.79,48.08,48.67,477850
2021-07-26,CSCO,48.65,49.07,48.62,48.91,376623
2021-07-27,CSCO,48.82,48.82,48.32,48.74,433635
2021-07-28,CSCO,48.85,48.91,47.98,48.29,648531
2021-07-29,CSCO,48.64,48.8,48.41,48.56,499689
2021-07-30,CSCO,48.58,48.93,48.52,48.82,475177
2021-08-02,CSCO,49.0,49.32,48.73,48.89,346221
2021-08-03,CSCO,48.94,49.74,48.75,49.61,411933
2021-08-04,CSCO,49.71,49.71,48.93,49.13,435714
2021-08-05,CSCO,48.98,49.36,48.98,49.15,434658
2021-08-06,CSCO,48.95,49.33,48.64,49.03,511349
2021-08-09,CSCO,49.26,49.43,48.85,48.93,228143
2021-08-10,CSCO,48.98,49.09,48.72,49.04,220943
2021-08-11,CSCO,49.33,49.38,49.03,49.24,433452
2021-08-12,CSCO,49.26,49.75,49.09,49.74,256850
2021-08-13,CSCO,49.71,49.92,49.61,49.8,454099
2021-08-16,CSCO,49.66,49.76,49.32,49.65,608881
2021-08-17,CSCO,49.25,49.38,49.05,49.38,378179
2021-08-18,CSCO,49.11,49.49,48.52,48.55,605677
2021-08-19,CSCO,48.31,50.69,48.22,50.53,1260684
2021-08-20,CSCO,50.46,51.43,50.15,51.35,599391
2021-08-23,CSCO,51.09,51.75,51.08,51.6,457078
2021-08-24,CSCO,51.58,52.4,51.53,52.32,732924
2021-08-25,CSCO,52.52,53.14,52.2,52.34,508933
2021-08-26,CSCO,52.38,52.57,52.01,52.24,590894
2021-08-27,CSCO,52.31,52.33,51.93,52.03,689358
2021-08-30,CSCO,52.09,52.22,51.85,52.15,421869
2021-08-31,CSCO,52.06,52.13,51.66,52.04,474536
2021-09-01,CSCO,52.04,52.14,51.74,52.05,420467
2021-09-02,CSCO,52.41,52.66,52.08,52.51,412317
2021-09-03,CSCO,52.3,52.59,52.27,52.4,297273
2021-09-07,CSCO,52.23,52.33,51.81,51.91,341298
2021-09-08,CSCO,51.77,51.94,51.58,51.73,607644
2021-09-09,CSCO,51.54,51.97,51.36,51.66,490740
2021-09-10,CSCO,51.77,51.97,50.99,51.06,471302
2021-09-13,CSCO,51.21,51.6,50.91,51.25,341471
2021-09-14,CSCO,51.35,51.54,50.84,51.04,429115
2021-09-15,CSCO,50.95,52.53,50.32,50.76,1148930
2021-09-16,CSCO,51.44,51.87,50.38,50.56,1473141
2021-09-17,CSCO,50.6,50.6,49.79,50.11,818764
2021-09-20,CSCO,49.58,49.73,48.75,49.28,683296
2021-09-21,CSCO,49.49,49.7,48.71,48.71,404160
2021-09-22,CSCO,49.19,49.48,48.84,48.93,669399
2021-09-23,CSCO,49.11,50.16,49.04,49.99,612170
2021-09-24,CSCO,49.63,50.09,49.57,50.01,333795
2021-09-27,CSCO,49.8,49.96,49.42,49.58,379691
2021-09-28,CSCO,49.19,49.37,48.87,48.97,514722
2021-09-29,CSCO,49.06,49.35,48.8,48.93,399383
2021-09-30,CSCO,49.19,49.28,47.98,47.98,901395
2021-10-01,CSCO,48.13,48.86,47.65,48.58,550113
2021-10-04,CSCO,48.42,48.53,47.91,48.15,587653
2021-10-05,CSCO,48.12,48.85,48.12,48.56,401092
2021-10-06,CSCO,48.23,48.25,47.05,47.91,795022
2021-10-07,CSCO,48.36,49.19,48.29,48.86,468782
2021-10-08,CSCO,49.03,49.1,48.61,48.89,350505
2021-10-11,CSCO,48.94,49.15,48.75,48.75,211527
2021-10-12,CSCO,48.8,48.8,48.02,48.19,376436
2021-10-13,CSCO,48.27,48.59,48.03,48.5,384636
2021-10-14,CSCO,48.92,49.58,48.82,49.4,553030
2021-10-15,CSCO,49.57,49.59,48.8,49.04,474803
2021-10-18,CSCO,48.85,49.26,48.46,49.03,262867
2021-10-19,CSCO,49.07,49.52,48.9,49.49,317098
2021-10-20,CSCO,49.63,49.91,49.63,49.89,644303
2021-10-21,CSCO,49.75,49.8,49.29,49.45,374063
2021-10-22,CSCO,49.36,49.59,48.78,48.91,469626
2021-10-25,CSCO,48.94,49.19,48.66,48.97,258921
2021-10-26,CSCO,49.29,50.02,49.19,49.53,509387
2021-10-27,CSCO,49.72,50.36,49.66,49.88,474511
2021-10-28,CSCO,49.92,50.32,49.62,49.96,374545
2021-10-29,CSCO,49.95,50.22,49.59,49.67,420490
2021-11-01,CSCO,49.57,49.93,49.28,49.79,440029
2021-11-02,CSCO,50.05,51.37,49.97,51.15,1034098
2021-11-03,CSCO,51.05,51.41,50.71,51.18,412825
2021-11-04,CSCO,51.06,51.2,50.21,50.71,842386
2021-11-05,CSCO,50.93,51.31,50.54,50.69,391617
2021-11-08,CSCO,50.73,51.04,50.25,50.59,347826
2021-11-09,CSCO,50.67,51.15,50.52,50.97,462155
2021-11-10,CSCO,51.4,52.03,51.21,51.28,652878
2021-11-11,CSCO,51.17,51.28,50.33,50.38,552149
2021-11-12,CSCO,50.61,50.67,50.0,50.45,461662
2021-11-15,CSCO,50.58,51.18,50.47,50.85,599202
2021-11-16,CSCO,50.76,51.55,50.55,50.6,482063
2021-11-17,CSCO,50.28,50.72,49.97,50.4,775991
2021-11-18,CSCO,46.81,47.88,45.35,47.58,2639213
2021-11-19,CSCO,47.53,47.65,46.86,47.27,807432
2021-11-22,CSCO,47.44,49.3,47.36,48.49,1182031
2021-11-23,CSCO,48.48,49.34,48.37,49.13,814517
2021-11-24,CSCO,48.96,49.49,48.96,49.32,612726
2021-11-26,CSCO,48.35,48.99,48.35,48.54,539571
2021-11-29,CSCO,48.96,49.88,48.69,49.47,650229
2021-11-30,CSCO,49.28,49.35,48.08,48.77,832407
2021-12-01,CSCO,49.2,50.05,48.78,48.83,787192
2021-12-02,CSCO,48.94,50.25,48.93,49.89,501205
2021-12-03,CSCO,50.04,50.44,49.42,49.96,721018
2021-12-06,CSCO,50.28,50.74,50.13,50.58,538720
2021-12-07,CSCO,50.66,51.67,50.63,51.6,719874
2021-12-08,CSCO,51.56,51.58,50.28,50.59,800747
2021-12-09,CSCO,50.78,51.32,50.56,51.1,591484
2021-12-10,CSCO,51.42,52.67,51.42,52.6,474286
2021-12-13,CSCO,52.54,52.81,51.99,52.0,863217
2021-12-14,CSCO,51.83,51.95,50.93,51.31,600375
2021-12-15,CSCO,51.44,53.29,51.44,53.21,772837
2021-12-16,CSCO,53.29,53.94,53.17,53.55,871039
2021-12-17,CSCO,53.51,53.97,53.08,53.72,940684
2021-12-20,CSCO,53.0,53.63,52.66,53.61,645583
2021-12-21,CSCO,53.68,54.36,53.27,54.17,683066
2021-12-22,CSCO,54.11,54.68,53.82,54.65,476264
2021-12-23,CSCO,54.92,55.82,54.91,55.27,438784
2021-12-27,CSCO,55.4,56.34,55.38,56.3,333681
2021-12-28,CSCO,56.31,56.68,56.14,56.43,456077
2021-12-29,CSCO,56.54,57.04,56.43,56.8,358833
2021-12-30,CSCO,56.89,56.89,56.35,56.51,248960
2021-12-31,CSCO,56.5,56.63,56.23,56.26,217826
2022-01-03,CSCO,55.94,56.22,55.56,56.04,487362
2022-01-04,CSCO,55.8,56.08,54.59,54.69,893846
2022-01-05,CSCO,54.5,55.05,53.82,53.82,721803
2022-01-06,CSCO,53.56,54.6,53.52,54.44,608080
2022-01-07,CSCO,54.34,54.93,54.2,54.62,491929
2022-01-10,CSCO,54.43,55.28,54.06,55.22,561301
2022-01-11,CSCO,55.01,55.75,54.88,55.71,614026
2022-01-12,CSCO,55.77,56.09,55.32,55.48,319329
2022-01-13,CSCO,55.44,55.47,54.68,54.96,412531
2022-01-14,CSCO,54.88,54.92,54.47,54.8,571660
2022-01-18,CSCO,53.54,53.78,53.14,53.38,647857
2022-01-19,CSCO,51.8,53.1,51.62,52.61,675886
2022-01-20,CSCO,52.64,53.0,51.82,51.86,427170
2022-01-21,CSCO,51.86,52.09,50.57,50.59,675402
2022-01-24,CSCO,50.12,50.91,49.02,50.82,685244
2022-01-25,CSCO,50.17,50.62,49.2,50.07,505393
2022-01-26,CSCO,50.06,50.4,49.0,49.45,735120
2022-01-27,CSCO,49.57,50.49,48.59,48.76,809480
2022-01-28,CSCO,48.59,49.71,47.77,49.65,1224780
2022-01-31,CSCO,49.48,49.85,49.03,49.67,1049288
2022-02-01,CSCO,49.54,49.56,48.89,49.41,839393
2022-02-02,CSCO,49.38,50.3,49.28,50.13,660259
2022-02-03,CSCO,49.93,50.12,49.2,49.3,449124
2022-02-04,CSCO,49.07,49.68,48.59,49.24,521391
2022-02-07,CSCO,49.36,49.58,48.87,49.28,283745
2022-02-08,CSCO,49.2,49.55,48.88,49.43,360467
2022-02-09,CSCO,49.86,50.36,49.59,50.28,456011
2022-02-10,CSCO,49.34,50.04,48.91,49.01,588008
2022-02-11,CSCO,49.0,49.18,48.03,48.11,425935
2022-02-14,CSCO,47.71,47.92,47.09,47.47,632924
2022-02-15,CSCO,47.98,48.5,47.91,48.47,552146
2022-02-16,CSCO,48.3,48.62,47.7,48.51,531043
2022-02-17,CSCO,49.58,50.93,49.54,49.8,1033963
2022-02-18,CSCO,49.53,51.53,49.48,51.11,953095
2022-02-22,CSCO,50.86,51.02,49.79,50.28,637022
2022-02-23,CSCO,50.47,50.87,48.57,48.63,620428
2022-02-24,CSCO,48.24,48.96,47.53,48.87,779208
2022-02-25,CSCO,48.95,50.21,48.68,50.07,982162
2022-02-28,CSCO,49.57,50.01,48.9,49.84,543132
2022-03-01,CSCO,49.61,49.87,48.49,48.78,509792
2022-03-02,CSCO,48.91,50.34,48.88,50.14,652348
2022-03-03,CSCO,50.65,50.91,49.88,50.1,439150
2022-03-04,CSCO,49.69,50.81,49.37,50.45,598033
2022-03-07,CSCO,50.28,50.4,49.59,49.65,1024197
2022-03-08,CSCO,49.75,49.87,48.3,48.56,602289
2022-03-09,CSCO,49.69,50.24,49.36,49.94,608524
2022-03-10,CSCO,48.61,49.25,48.22,48.85,486280
2022-03-11,CSCO,49.33,50.2,48.78,48.84,614800
2022-03-14,CSCO,49.11,49.46,48.23,48.49,658340
2022-03-15,CSCO,48.89,49.77,48.67,49.65,650703
2022-03-16,CSCO,49.95,50.02,48.78,49.87,795354
2022-03-17,CSCO,49.56,50.28,49.45,50.19,908092
2022-03-18,CSCO,50.03,50.39,49.64,49.99,979137
2022-03-21,CSCO,49.99,50.49,49.59,50.05,768345
2022-03-22,CSCO,50.31,50.65,50.11,50.17,796420
2022-03-23,CSCO,50.0,50.07,48.63,48.64,835734
2022-03-24,CSCO,48.78,48.84,47.96,48.68,878643
2022-03-25,CSCO,48.74,49.28,48.6,49.1,485936
2022-03-28,CSCO,48.91,49.27,48.61,49.24,530836
2022-03-29,CSCO,49.72,50.28,49.16,49.72,886995
2022-03-30,CSCO,49.79,50.85,49.66,50.05,476266
2022-03-31,CSCO,50.05,50.8,49.78,49.8,751826
2022-04-01,CSCO,50.1,50.16,49.03,49.7,526773
2022-04-04,CSCO,49.53,49.99,49.17,49.9,594775
2022-04-05,CSCO,49.64,49.99,49.16,49.41,464352
2022-04-06,CSCO,49.16,49.23,48.43,48.89,427338
2022-04-07,CSCO,48.83,49.33,48.33,49.1,556320
2022-04-08,CSCO,49.3,49.38,48.58,48.83,459119
2022-04-11,CSCO,48.42,48.52,47.48,47.58,780128
2022-04-12,CSCO,46.5,47.62,46.32,46.6,803691
2022-04-13,CSCO,46.63,47.03,46.23,46.91,502046
2022-04-14,CSCO,46.84,47.1,45.98,46.02,583230
2022-04-18,CSCO,45.75,46.37,45.7,45.97,432269
2022-04-19,CSCO,45.91,46.7,45.81,46.59,515155
2022-04-20,CSCO,46.95,48.25,46.95,47.7,729317
2022-04-21,CSCO,48.01,48.41,47.43,47.48,464938
2022-04-22,CSCO,47.35,47.38,46.13,46.18,488934
2022-04-25,CSCO,46.39,46.75,45.46,46.71,480400
2022-04-26,CSCO,46.65,46.71,45.75,45.76,508540
2022-04-27,CSCO,45.81,45.93,44.29,44.35,1291690
2022-04-28,CSCO,44.58,45.66,44.26,45.56,634385
2022-04-29,CSCO,45.44,45.53,43.96,44.09,569934
2022-05-02,CSCO,44.36,44.89,44.03,44.81,686996
2022-05-03,CSCO,44.78,45.29,44.57,44.9,369357
2022-05-04,CSCO,44.93,46.46,44.68,46.38,499799
2022-05-05,CSCO,46.02,46.05,44.21,44.71,748124
2022-05-06,CSCO,44.25,44.82,43.94,44.38,517128
2022-05-09,CSCO,44.09,44.43,43.82,44.06,502282
2022-05-10,CSCO,44.7,45.16,44.21,44.55,606836
2022-05-11,CSCO,44.13,44.64,43.69,43.77,577146
2022-05-12,CSCO,43.7,43.84,42.69,43.46,935343
2022-05-13,CSCO,43.82,44.63,43.66,44.58,661897
2022-05-16,CSCO,44.66,44.66,43.96,44.07,947707
2022-05-17,CSCO,44.66,45.61,44.54,45.53,491082
2022-05-18,CSCO,45.28,45.32,43.41,43.55,1569890
2022-05-19,CSCO,38.67,39.49,36.9,37.49,3442188
2022-05-20,CSCO,37.63,38.66,37.35,38.62,1585866
2022-05-23,CSCO,39.02,39.41,38.62,39.0,735308
2022-05-24,CSCO,39.05,39.62,38.22,39.37,1303670
2022-05-25,CSCO,39.32,39.95,38.84,39.58,671461
2022-05-26,CSCO,39.67,40.94,39.63,40.46,1103721
2022-05-27,CSCO,40.77,41.04,40.43,41.04,538943
2022-05-31,CSCO,40.78,41.01,40.23,40.49,1027025
2022-06-01,CSCO,40.95,41.18,40.26,40.66,746180
2022-06-02,CSCO,40.64,41.19,40.39,41.16,747760
2022-06-03,CSCO,40.96,41.12,40.58,40.7,422666
2022-06-06,CSCO,41.03,41.44,40.59,40.76,484298
2022-06-07,CSCO,40.33,41.05,40.22,40.97,421572
2022-06-08,CSCO,40.79,41.03,40.36,40.4,364778
2022-06-09,CSCO,40.32,40.7,39.8,39.8,604434
2022-06-10,CSCO,39.42,39.55,38.94,39.09,907409
2022-06-13,CSCO,38.65,39.42,38.57,38.9,1289167
2022-06-14,CSCO,39.2,39.28,38.29,38.6,945862
2022-06-15,CSCO,39.02,39.95,38.76,39.39,902157
2022-06-16,CSCO,38.56,39.04,38.51,38.97,1223847
2022-06-17,CSCO,39.05,39.57,38.89,39.01,1108533
2022-06-21,CSCO,39.4,39.82,39.3,39.69,740803
2022-06-22,CSCO,39.11,39.67,38.83,39.18,612176
2022-06-23,CSCO,39.0,39.06,38.42,38.6,1258722
2022-06-24,CSCO,39.07,39.76,38.89,39.67,932701
2022-06-27,CSCO,39.8,39.82,39.24,39.39,550320
2022-06-28,CSCO,39.55,39.99,38.67,38.73,466347
2022-06-29,CSCO,38.83,38.85,38.4,38.56,486445
2022-06-30,CSCO,38.11,38.79,37.95,38.35,987050
2022-07-01,CSCO,38.2,38.39,37.39,38.34,1226680
2022-07-05,CSCO,37.67,38.09,37.06,38.09,756127
2022-07-06,CSCO,38.22,38.96,38.17,38.74,627476
2022-07-07,CSCO,38.91,39.34,38.83,39.22,729905
2022-07-08,CSCO,39.05,39.57,38.99,39.35,296940
2022-07-11,CSCO,39.26,39.63,39.09,39.26,352918
2022-07-12,CSCO,39.53,39.78,38.72,38.9,398052
2022-07-13,CSCO,37.98,39.06,37.98,38.73,410691
2022-07-14,CSCO,37.97,38.54,37.52,38.41,616708
2022-07-15,CSCO,38.66,39.13,38.6,39.09,566498
2022-07-18,CSCO,39.31,39.31,38.51,38.69,448722
2022-07-19,CSCO,38.89,40.0,38.71,39.97,730448
2022-07-20,CSCO,40.01,40.21,39.63,40.05,619937
2022-07-21,CSCO,40.15,40.55,39.99,40.46,516214
2022-07-22,CSCO,40.64,40.76,40.17,40.36,536213
2022-07-25,CSCO,40.53,40.53,40.04,40.25,424063
2022-07-26,CSCO,40.18,40.39,39.7,39.77,639940
2022-07-27,CSCO,40.0,40.64,39.78,40.49,731634
2022-07-28,CSCO,40.68,41.61,40.59,41.41,405447
2022-07-29,CSCO,41.02,41.24,40.69,41.17,733174
2022-08-01,CSCO,40.86,41.22,40.62,41.11,361563
2022-08-02,CSCO,41.31,41.45,40.75,40.77,556708
2022-08-03,CSCO,40.76,41.58,40.65,41.48,377335
2022-08-04,CSCO,41.67,41.67,40.86,41.2,398768
2022-08-05,CSCO,40.84,40.89,40.43,40.85,617440
2022-08-08,CSCO,41.07,41.3,40.71,40.86,315567
2022-08-09,CSCO,40.98,40.98,40.59,40.79,372107
2022-08-10,CSCO,41.46,41.79,41.25,41.75,673964
2022-08-11,CSCO,41.84,42.12,41.54,41.64,423915
2022-08-12,CSCO,41.82,42.29,41.73,42.27,537633
2022-08-15,CSCO,42.14,42.3,41.78,42.3,468619
2022-08-16,CSCO,42.23,42.66,42.17,42.46,572600
2022-08-17,CSCO,42.09,42.73,41.95,42.33,1161598
2022-08-18,CSCO,45.19,45.37,44.58,44.8,1159716
2022-08-19,CSCO,44.54,44.88,44.05,44.2,551134
2022-08-22,CSCO,43.89,43.94,43.12,43.31,575198
2022-08-23,CSCO,43.19,43.59,43.01,43.03,527454
2022-08-24,CSCO,42.74,43.01,42.54,42.72,518479
2022-08-25,CSCO,42.87,43.03,42.52,42.88,573043
2022-08-26,CSCO,42.77,42.89,41.64,41.65,648142
2022-08-29,CSCO,41.54,41.74,41.29,41.48,450915
2022-08-30,CSCO,41.48,41.62,40.81,41.06,452026
2022-08-31,CSCO,41.51,41.51,40.46,40.58,655121
2022-09-01,CSCO,40.42,41.14,40.31,41.11,630096
2022-09-02,CSCO,41.42,41.65,40.18,40.47,551003
2022-09-06,CSCO,40.53,40.64,39.91,40.36,700743
2022-09-07,CSCO,40.58,40.98,40.25,40.85,475524
2022-09-08,CSCO,40.59,41.26,40.51,41.19,280586
2022-09-09,CSCO,41.44,41.64,41.2,41.53,433368
2022-09-12,CSCO,41.82,42.4,41.73,42.11,490743
2022-09-13,CSCO,41.49,41.66,39.95,40.04,678638
2022-09-14,CSCO,40.0,40.16,39.54,39.89,481424
2022-09-15,CSCO,39.73,39.8,39.11,39.29,461893
2022-09-16,CSCO,39.06,39.36,38.83,39.28,526465
2022-09-19,CSCO,38.94,39.42,38.81,39.31,386521
2022-09-20,CSCO,38.96,39.02,38.37,38.66,576373
2022-09-21,CSCO,38.42,38.89,37.74,37.75,738633
2022-09-22,CSCO,37.52,37.7,37.33,37.34,574744
2022-09-23,CSCO,37.38,37.38,36.41,36.93,465461
2022-09-26,CSCO,36.87,37.38,36.64,36.83,574195
2022-09-27,CSCO,37.3,37.62,36.53,36.79,407539
2022-09-28,CSCO,37.07,37.72,36.86,37.5,703758
2022-09-29,CSCO,37.27,37.27,36.44,36.83,530015
2022-09-30,CSCO,36.87,37.24,36.27,36.31,652758
2022-10-03,CSCO,36.89,37.69,36.76,37.48,689637
2022-10-04,CSCO,38.08,38.48,37.92,38.31,483761
2022-10-05,CSCO,38.11,38.69,37.92,38.45,445882
2022-10-06,CSCO,38.17,38.54,37.89,38.03,629010
2022-10-07,CSCO,37.67,37.69,36.71,36.9,451063
2022-10-10,CSCO,37.28,37.35,36.27,36.53,420713
2022-10-11,CSCO,36.39,36.73,35.97,36.26,583629
2022-10-12,CSCO,36.32,36.5,35.94,35.97,471743
2022-10-13,CSCO,35.69,37.36,35.36,37.19,735860
2022-10-14,CSCO,37.36,37.51,36.57,36.83,623591
2022-10-17,CSCO,37.58,38.0,37.51,37.81,498845
2022-10-18,CSCO,38.43,38.65,37.79,38.28,610643
2022-10-19,CSCO,38.09,38.68,37.98,38.35,483713
2022-10-20,CSCO,38.15,39.02,37.96,38.18,462700
2022-10-21,CSCO,38.29,39.34,38.29,39.18,822712
2022-10-24,CSCO,39.5,40.04,39.29,39.87,527125
2022-10-25,CSCO,39.72,40.66,39.6,40.63,510448
2022-10-26,CSCO,41.07,41.42,40.55,40.64,692430
2022-10-27,CSCO,41.01,41.28,40.62,40.7,466543
2022-10-28,CSCO,40.93,41.85,40.92,41.79,707386
2022-10-31,CSCO,41.51,41.79,41.27,41.61,625107
2022-11-01,CSCO,41.82,41.93,41.27,41.63,444976
2022-11-02,CSCO,41.68,42.3,40.8,40.8,459782
2022-11-03,CSCO,40.39,40.41,39.75,40.16,472828
2022-11-04,CSCO,40.78,41.28,40.15,40.77,597379
2022-11-07,CSCO,41.09,41.19,40.66,40.81,685640
2022-11-08,CSCO,40.95,41.51,40.47,40.85,516939
2022-11-09,CSCO,40.82,40.94,40.2,40.21,608221
2022-11-10,CSCO,41.85,41.93,40.89,41.78,888903
2022-11-11,CSCO,41.44,41.48,40.26,41.01,1123223
2022-11-14,CSCO,41.01,41.61,40.91,40.97,536459
2022-11-15,CSCO,41.26,41.42,40.71,41.11,476254
2022-11-16,CSCO,41.12,41.12,40.58,40.67,799827
2022-11-17,CSCO,42.26,42.9,41.38,42.7,1133146
2022-11-18,CSCO,42.93,43.98,42.92,43.76,1027570
2022-11-21,CSCO,43.62,44.22,43.56,43.62,525132
2022-11-22,CSCO,43.9,44.34,43.75,44.3,746959
2022-11-23,CSCO,44.27,44.86,44.26,44.5,308295
2022-11-25,CSCO,44.66,44.9,44.27,44.33,210055
2022-11-28,CSCO,44.11,44.39,43.88,44.04,415003
2022-11-29,CSCO,44.17,44.32,43.81,44.23,531377
2022-11-30,CSCO,44.09,45.57,43.93,45.52,705249
2022-12-01,CSCO,45.71,46.21,45.51,45.78,592805
2022-12-02,CSCO,45.07,45.64,44.8,45.52,423942
2022-12-05,CSCO,45.35,45.46,45.03,45.17,629550
2022-12-06,CSCO,45.17,45.2,44.2,44.49,489512
2022-12-07,CSCO,44.38,44.45,44.02,44.11,474796
2022-12-08,CSCO,44.64,45.05,44.53,44.86,713554
2022-12-09,CSCO,45.01,45.01,44.36,44.37,417770
2022-12-12,CSCO,44.61,45.16,44.3,45.16,341461
2022-12-13,CSCO,46.34,46.44,45.08,45.46,565004
2022-12-14,CSCO,45.6,45.84,44.72,45.15,645403
2022-12-15,CSCO,44.8,44.92,43.73,44.12,646736
2022-12-16,CSCO,43.4,43.95,43.11,43.78,903149
2022-12-19,CSCO,43.81,43.92,43.17,43.41,325463
2022-12-20,CSCO,43.46,43.53,42.85,43.4,370942
2022-12-21,CSCO,43.67,43.91,43.42,43.65,288434
2022-12-22,CSCO,43.37,43.41,42.76,43.35,272108
2022-12-23,CSCO,43.41,43.48,43.05,43.46,245016
2022-12-27,CSCO,43.63,43.68,43.25,43.54,346609
2022-12-28,CSCO,43.61,43.74,43.03,43.11,320823
2022-12-29,CSCO,43.45,43.71,43.38,43.49,433394
2022-12-30,CSCO,43.29,43.65,42.99,43.63,262681
2023-01-03,CSCO,43.83,43.99,43.34,43.9,444766
2023-01-04,CSCO,44.49,44.71,43.55,43.9,451768
2023-01-05,CSCO,43.75,43.79,43.17,43.28,345379
2023-01-06,CSCO,43.81,44.84,43.65,44.56,602465
2023-01-09,CSCO,44.53,45.42,44.53,44.84,490583
2023-01-10,CSCO,44.94,45.42,44.87,45.07,387176
2023-01-11,CSCO,45.1,45.44,44.95,45.42,400535
2023-01-12,CSCO,45.44,45.62,45.1,45.23,370592
2023-01-13,CSCO,44.87,45.24,44.71,45.11,367305
2023-01-17,CSCO,45.13,45.15,44.26,44.35,537503
2023-01-18,CSCO,44.47,44.55,43.29,43.29,989686
2023-01-19,CSCO,43.27,43.42,42.82,42.87,600592
2023-01-20,CSCO,42.45,43.22,42.16,43.17,528545
2023-01-23,CSCO,43.31,44.18,43.25,43.82,508595
2023-01-24,CSCO,43.78,44.31,43.44,44.13,292789
2023-01-25,CSCO,44.28,44.38,43.6,44.29,305576
2023-01-26,CSCO,44.41,44.73,44.15,44.61,364596
2023-01-27,CSCO,44.4,44.98,44.29,44.76,381871
2023-01-30,CSCO,44.43,44.76,44.43,44.52,354257
2023-01-31,CSCO,44.53,44.94,44.37,44.92,285607
2023-02-01,CSCO,44.65,45.13,43.86,44.84,712981
2023-02-02,CSCO,44.82,45.73,44.63,45.51,867314
2023-02-03,CSCO,45.33,45.33,44.78,44.89,471956
2023-02-06,CSCO,44.36,44.56,43.86,43.92,384373
2023-02-07,CSCO,43.55,44.44,43.36,44.15,458741
2023-02-08,CSCO,43.73,43.88,43.17,43.36,745333
2023-02-09,CSCO,43.59,43.76,42.87,43.12,439099
2023-02-10,CSCO,43.1,43.68,43.07,43.6,548577
2023-02-13,CSCO,43.8,44.29,43.75,44.19,469858
2023-02-14,CSCO,44.1,44.3,43.55,44.0,405728
2023-02-15,CSCO,43.84,44.76,43.71,44.76,773189
2023-02-16,CSCO,46.14,47.75,45.99,47.04,1802020
2023-02-17,CSCO,47.37,47.42,46.71,46.86,667032
2023-02-21,CSCO,46.71,46.84,45.83,45.89,689093
2023-02-22,CSCO,45.97,45.98,45.13,45.53,747450
2023-02-23,CSCO,45.72,45.82,44.81,45.42,416212
2023-02-24,CSCO,45.14,45.14,44.46,44.74,571897
2023-02-27,CSCO,45.13,45.53,44.82,44.99,1196925
2023-02-28,CSCO,45.05,45.15,44.66,44.68,371132
2023-03-01,CSCO,44.69,44.85,44.32,44.63,417936
2023-03-02,CSCO,44.54,44.89,44.43,44.79,748086
2023-03-03,CSCO,45.24,45.56,45.06,45.49,611753
2023-03-06,CSCO,45.72,45.97,45.46,45.62,355073
2023-03-07,CSCO,45.82,45.92,44.89,45.13,449237
2023-03-08,CSCO,45.29,45.46,44.99,45.33,482245
2023-03-09,CSCO,45.52,45.86,44.96,45.05,352499
2023-03-10,CSCO,45.12,45.37,44.6,44.85,406088
2023-03-13,CSCO,44.79,45.1,44.43,44.68,487461
2023-03-14,CSCO,45.02,45.46,44.77,45.28,584766
2023-03-15,CSCO,44.71,45.33,44.69,45.31,554410
2023-03-16,CSCO,44.93,46.42,44.78,46.28,686435
2023-03-17,CSCO,46.39,46.66,45.91,46.36,908728
2023-03-20,CSCO,46.31,47.11,46.18,47.02,537770
2023-03-21,CSCO,47.23,47.38,46.46,46.77,897731
2023-03-22,CSCO,46.81,46.83,45.64,45.64,706157
2023-03-23,CSCO,45.9,46.37,45.6,45.88,527435
2023-03-24,CSCO,46.02,46.66,45.69,46.63,731469
2023-03-27,CSCO,46.8,47.02,46.6,46.64,453242
2023-03-28,CSCO,46.45,46.7,46.41,46.52,414294
2023-03-29,CSCO,46.86,47.32,46.74,47.26,502423
2023-03-30,CSCO,47.62,47.69,47.2,47.47,214006
2023-03-31,CSCO,47.47,48.32,47.47,48.24,569906
2023-04-03,CSCO,48.06,48.52,47.99,48.31,329317
2023-04-04,CSCO,48.33,48.45,47.83,48.18,331919
2023-04-05,CSCO,48.39,48.62,48.07,48.19,549567
2023-04-06,CSCO,47.42,47.95,47.17,47.68,378912
2023-04-10,CSCO,47.53,47.79,47.32,47.74,326405
2023-04-11,CSCO,47.53,47.65,46.99,47.09,577293
2023-04-12,CSCO,47.25,47.38,46.56,46.63,555981
2023-04-13,CSCO,46.7,47.27,46.59,47.24,455969
2023-04-14,CSCO,47.0,47.29,46.7,47.0,298660
2023-04-17,CSCO,47.02,47.13,46.55,46.77,367206
2023-04-18,CSCO,46.91,47.13,46.57,46.79,631008
2023-04-19,CSCO,45.8,45.81,44.63,44.65,1054989
2023-04-20,CSCO,44.25,44.29,43.11,43.29,1369804
2023-04-21,CSCO,43.38,43.82,43.01,43.73,523319
2023-04-24,CSCO,43.81,44.13,43.75,44.06,444055
2023-04-25,CSCO,44.0,44.11,43.53,43.78,591942
2023-04-26,CSCO,43.46,43.56,43.19,43.3,672889
2023-04-27,CSCO,43.42,43.42,42.75,43.29,639705
2023-04-28,CSCO,43.42,43.95,43.35,43.95,466116
2023-05-01,CSCO,43.9,44.19,43.84,44.03,357350
2023-05-02,CSCO,43.72,43.74,42.84,43.1,470270
2023-05-03,CSCO,43.16,43.29,42.65,42.73,611721
2023-05-04,CSCO,42.55,42.71,42.37,42.49,611590
2023-05-05,CSCO,42.92,43.11,42.71,42.99,376679
2023-05-08,CSCO,43.11,43.25,42.86,43.08,424656
2023-05-09,CSCO,42.78,43.25,42.71,43.24,422927
2023-05-10,CSCO,43.43,43.64,42.92,43.44,312761
2023-05-11,CSCO,43.51,43.55,42.97,43.11,251656
2023-05-12,CSCO,43.06,43.53,43.06,43.45,441329
2023-05-15,CSCO,43.51,43.95,43.3,43.82,470209
2023-05-16,CSCO,43.89,44.02,43.52,43.64,714163
2023-05-17,CSCO,43.86,44.41,43.73,44.28,961653
2023-05-18,CSCO,42.52,44.86,42.52,44.84,1257120
2023-05-19,CSCO,45.13,45.88,45.03,45.68,1239582
2023-05-22,CSCO,45.72,45.77,45.37,45.41,513203
2023-05-23,CSCO,45.27,45.89,45.24,45.5,540077
2023-05-24,CSCO,45.54,45.56,44.81,45.04,392550
2023-05-25,CSCO,44.46,45.78,44.43,45.61,788347
2023-05-26,CSCO,45.74,46.57,45.74,46.36,618443
2023-05-30,CSCO,46.5,46.95,46.26,46.69,742318
2023-05-31,CSCO,46.39,46.52,46.14,46.22,555922
2023-06-01,CSCO,46.28,46.58,45.82,46.24,479745
2023-06-02,CSCO,46.39,46.73,46.25,46.5,401547
2023-06-05,CSCO,46.7,47.03,46.56,46.71,480364
2023-06-06,CSCO,46.31,46.41,45.7,46.32,356362
2023-06-07,CSCO,46.29,46.62,46.18,46.3,489900
2023-06-08,CSCO,46.5,46.5,46.11,46.17,316757
2023-06-09,CSCO,46.07,46.47,45.91,46.19,413205
2023-06-12,CSCO,46.48,46.97,46.22,46.96,396471
2023-06-13,CSCO,47.21,47.37,46.92,47.28,389854
2023-06-14,CSCO,47.27,47.61,47.1,47.4,378174
2023-06-15,CSCO,47.3,48.42,47.3,48.29,743204
2023-06-16,CSCO,48.63,48.73,48.3,48.42,538978
2023-06-20,CSCO,48.36,48.43,47.87,47.96,418175
2023-06-21,CSCO,47.78,47.78,47.27,47.28,388591
2023-06-22,CSCO,47.1,47.56,46.92,47.53,545557
2023-06-23,CSCO,47.1,47.15,46.59,46.77,340486
2023-06-26,CSCO,46.83,47.24,46.67,46.69,434777
2023-06-27,CSCO,46.76,47.46,46.76,47.3,276846
2023-06-28,CSCO,47.24,47.43,46.92,47.33,255236
2023-06-29,CSCO,47.31,47.68,47.27,47.63,244592
2023-06-30,CSCO,48.25,48.59,47.91,48.11,458962
2023-07-03,CSCO,47.76,48.2,47.76,48.18,315276
2023-07-05,CSCO,47.72,48.32,47.72,48.25,318817
2023-07-06,CSCO,47.91,47.94,47.47,47.89,426891
2023-07-07,CSCO,47.64,48.4,47.56,47.79,415095
2023-07-10,CSCO,47.85,48.25,47.82,48.17,735816
2023-07-11,CSCO,48.33,48.86,48.32,48.84,335048
2023-07-12,CSCO,48.38,48.66,47.35,47.56,536235
2023-07-13,CSCO,47.48,48.37,47.48,48.29,669489
2023-07-14,CSCO,47.38,47.74,46.9,47.21,678062
2023-07-17,CSCO,46.98,47.74,46.98,47.6,436865
2023-07-18,CSCO,47.74,48.13,47.66,48.04,478999
2023-07-19,CSCO,48.85,49.14,48.45,49.12,786244
2023-07-20,CSCO,48.81,49.53,48.65,49.08,922632
2023-07-21,CSCO,49.45,49.65,49.22,49.3,943173
2023-07-24,CSCO,49.37,49.95,49.37,49.78,535801
2023-07-25,CSCO,49.82,50.37,49.78,50.23,320128
2023-07-26,CSCO,50.19,50.27,49.63,49.89,370575
2023-07-27,CSCO,50.23,50.49,49.53,49.66,376702
2023-07-28,CSCO,48.78,49.12,48.51,48.81,727833
2023-07-31,CSCO,48.6,48.89,48.48,48.79,345091
2023-08-01,CSCO,49.28,49.45,49.01,49.38,592969
2023-08-02,CSCO,49.1,49.76,49.03,49.27,527348
2023-08-03,CSCO,49.19,49.92,48.95,49.78,431087
2023-08-04,CSCO,49.54,49.94,49.23,49.33,400464
2023-08-07,CSCO,49.68,49.72,49.37,49.69,318454
2023-08-08,CSCO,49.35,49.78,49.07,49.73,361255
2023-08-09,CSCO,49.57,50.08,49.34,49.66,518969
2023-08-10,CSCO,50.05,50.72,49.82,50.02,940189
2023-08-11,CSCO,49.96,50.54,49.84,50.43,582839
2023-08-14,CSCO,50.4,50.72,50.34,50.48,460558
2023-08-15,CSCO,50.26,50.3,49.84,49.98,351764
2023-08-16,CSCO,49.74,50.14,49.55,49.62,845711
2023-08-17,CSCO,51.06,52.31,50.97,51.26,1750618
2023-08-18,CSCO,51.3,51.96,51.27,51.58,901270
2023-08-21,CSCO,51.74,52.28,51.68,51.95,587344
2023-08-22,CSCO,52.03,52.31,51.8,51.98,469404
2023-08-23,CSCO,52.05,52.66,51.96,52.47,555486
2023-08-24,CSCO,52.78,52.92,51.74,51.74,407882
2023-08-25,CSCO,51.81,52.34,51.78,52.18,572540
2023-08-28,CSCO,52.42,52.74,52.2,52.66,281484
2023-08-29,CSCO,52.7,53.22,52.6,52.99,543806
2023-08-30,CSCO,53.07,53.33,52.98,53.25,456853
2023-08-31,CSCO,53.44,53.9,53.33,53.74,518606
2023-09-01,CSCO,53.83,54.5,53.83,54.19,357763
2023-09-05,CSCO,54.18,54.18,53.64,53.65,403448
2023-09-06,CSCO,53.54,53.85,53.49,53.56,311671
2023-09-07,CSCO,53.33,53.49,53.1,53.21,319958
2023-09-08,CSCO,53.19,53.48,53.0,53.12,471578
2023-09-11,CSCO,53.16,53.38,52.89,53.23,488050
2023-09-12,CSCO,53.08,53.28,52.79,52.86,453775
2023-09-13,CSCO,52.74,52.96,52.55,52.75,434850
2023-09-14,CSCO,52.87,52.91,52.55,52.81,521136
2023-09-15,CSCO,52.74,52.8,52.05,52.49,618072
2023-09-18,CSCO,52.43,52.72,52.32,52.6,272406
2023-09-19,CSCO,52.65,52.65,51.97,52.31,351929
2023-09-20,CSCO,52.39,52.52,51.94,52.0,335811
2023-09-21,CSCO,50.05,50.69,49.53,49.97,1116857
2023-09-22,CSCO,50.03,50.43,49.85,50.18,852530
2023-09-25,CSCO,50.13,50.3,49.82,50.12,415949
2023-09-26,CSCO,49.85,49.93,49.27,49.41,513518
2023-09-27,CSCO,49.58,50.01,49.24,49.85,424088
2023-09-28,CSCO,49.99,50.78,49.99,50.49,690801
2023-09-29,CSCO,50.75,50.78,50.13,50.37,454563
2023-10-02,CSCO,50.63,50.97,50.42,50.97,371817
2023-10-03,CSCO,50.83,50.86,50.37,50.65,531438
2023-10-04,CSCO,50.61,50.8,50.24,50.42,487309
2023-10-05,CSCO,50.45,50.46,49.64,50.09,418724
2023-10-06,CSCO,50.02,50.72,49.78,50.43,488317
2023-10-09,CSCO,50.35,50.93,50.3,50.91,346782
2023-10-10,CSCO,50.92,51.05,50.65,50.84,386524
2023-10-11,CSCO,51.02,51.08,50.35,50.65,404177
2023-10-12,CSCO,51.01,51.18,50.51,50.84,593706
2023-10-13,CSCO,50.84,51.04,50.44,50.77,433672
2023-10-16,CSCO,51.24,51.52,51.02,51.1,301998
2023-10-17,CSCO,50.75,50.93,50.21,50.89,1059974
2023-10-18,CSCO,50.77,51.14,50.6,50.74,410165
2023-10-19,CSCO,50.76,50.89,50.21,50.31,424624
2023-10-20,CSCO,50.42,50.58,49.84,49.95,465212
2023-10-23,CSCO,49.87,49.87,49.23,49.27,570277
2023-10-24,CSCO,49.38,50.07,49.13,50.01,495237
2023-10-25,CSCO,50.13,50.35,49.39,49.46,454973
2023-10-26,CSCO,48.95,49.2,48.44,48.49,743041
2023-10-27,CSCO,48.77,49.21,48.51,48.67,415124
2023-10-30,CSCO,48.49,48.74,48.24,48.67,804243
2023-10-31,CSCO,48.82,49.24,48.78,49.18,324043
2023-11-01,CSCO,49.15,49.34,48.9,49.23,416843
2023-11-02,CSCO,49.45,49.83,49.26,49.8,556079
2023-11-03,CSCO,50.27,50.44,49.68,50.01,461275
2023-11-06,CSCO,49.99,50.31,49.92,50.29,553989
2023-11-07,CSCO,50.34,50.43,50.01,50.15,648576
2023-11-08,CSCO,50.39,50.49,49.81,50.02,331308
2023-11-09,CSCO,49.17,49.61,48.85,49.1,758954
2023-11-10,CSCO,49.28,49.67,49.03,49.64,469827
2023-11-13,CSCO,49.54,49.68,49.17,49.31,448675
2023-11-14,CSCO,49.53,50.37,49.53,50.16,618425
2023-11-15,CSCO,50.29,50.42,50.06,50.35,740677
2023-11-16,CSCO,44.75,45.36,43.61,45.33,2928669
2023-11-17,CSCO,45.23,45.64,45.05,45.08,846507
2023-11-20,CSCO,44.95,45.65,44.88,45.6,770612
2023-11-21,CSCO,45.55,45.63,44.98,45.14,564760
2023-11-22,CSCO,45.42,45.62,45.26,45.4,456284
2023-11-24,CSCO,45.43,45.68,45.36,45.65,211059
2023-11-27,CSCO,45.57,45.65,45.22,45.25,511334
2023-11-28,CSCO,45.25,45.48,45.13,45.14,530256
2023-11-29,CSCO,45.47,45.72,45.33,45.37,442907
2023-11-30,CSCO,45.5,45.77,45.25,45.67,907983
2023-12-01,CSCO,45.59,46.03,45.33,45.73,470599
2023-12-04,CSCO,45.36,45.47,45.1,45.33,975126
2023-12-05,CSCO,45.07,45.27,44.93,45.26,912290
2023-12-06,CSCO,45.46,45.5,44.97,45.03,1089079
2023-12-07,CSCO,45.2,45.64,45.13,45.53,391990
2023-12-08,CSCO,45.55,45.86,45.51,45.65,491055
2023-12-11,CSCO,46.19,46.66,46.12,46.64,787699
2023-12-12,CSCO,46.78,46.78,46.35,46.55,602742
2023-12-13,CSCO,46.5,46.89,46.07,46.89,636019
2023-12-14,CSCO,47.16,47.2,46.41,46.67,1270195
2023-12-15,CSCO,46.71,47.12,46.68,47.04,1219726
2023-12-18,CSCO,47.12,47.47,46.63,47.41,516436
2023-12-19,CSCO,47.53,47.61,47.04,47.36,462974
2023-12-20,CSCO,47.3,47.49,47.0,47.02,500971
2023-12-21,CSCO,47.14,47.14,46.61,46.91,517678
2023-12-22,CSCO,47.11,47.56,47.11,47.3,349661
2023-12-26,CSCO,47.33,47.57,47.25,47.47,297824
2023-12-27,CSCO,47.48,47.72,47.46,47.62,344099
2023-12-28,CSCO,47.73,47.75,47.59,47.67,296429
2023-12-29,CSCO,47.62,47.74,47.4,47.7,342724
2024-01-02,CSCO,47.64,47.98,47.43,47.69,468255
2024-01-03,CSCO,47.72,48.2,47.55,48.06,394977
2024-01-04,CSCO,47.98,48.02,47.55,47.66,451772
2024-01-05,CSCO,47.73,47.9,47.44,47.65,324590
2024-01-08,CSCO,47.32,48.03,47.32,47.98,437848
2024-01-09,CSCO,47.49,47.59,47.01,47.46,679552
2024-01-10,CSCO,47.53,47.86,47.4,47.79,502412
2024-01-11,CSCO,47.98,48.02,47.6,47.97,454738
2024-01-12,CSCO,48.03,48.32,47.84,47.88,412248
2024-01-16,CSCO,47.73,48.12,47.62,48.1,526451
2024-01-17,CSCO,47.92,47.93,47.49,47.82,429142
2024-01-18,CSCO,47.85,48.31,47.85,48.28,414291
2024-01-19,CSCO,48.27,48.87,48.27,48.76,502698
2024-01-22,CSCO,49.03,49.25,48.9,49.03,451952
2024-01-23,CSCO,48.89,49.28,48.88,49.25,469992
2024-01-24,CSCO,49.45,49.46,48.71,48.79,617611
2024-01-25,CSCO,49.22,49.97,49.22,49.81,637124
2024-01-26,CSCO,49.87,50.04,49.45,49.58,439415
2024-01-29,CSCO,49.4,49.82,49.31,49.75,339823
2024-01-30,CSCO,49.66,49.85,49.46,49.69,450769
2024-01-31,CSCO,49.33,49.37,47.67,47.72,1038311
2024-02-01,CSCO,47.75,47.99,47.4,47.72,794127
2024-02-02,CSCO,47.68,47.91,47.2,47.7,672558
2024-02-05,CSCO,47.5,47.69,46.86,47.07,676639
2024-02-06,CSCO,47.86,48.13,47.36,47.55,658025
2024-02-07,CSCO,47.88,47.88,47.05,47.33,474139
2024-02-08,CSCO,47.52,47.54,47.13,47.51,530441
2024-02-09,CSCO,47.4,47.79,47.25,47.68,468326
2024-02-12,CSCO,47.57,47.74,47.13,47.57,397578
2024-02-13,CSCO,47.19,47.48,46.74,47.23,616035
2024-02-14,CSCO,47.17,47.88,47.17,47.78,657178
2024-02-15,CSCO,46.03,47.25,45.84,46.67,1805901
2024-02-16,CSCO,46.37,46.67,46.03,46.06,747227
2024-02-20,CSCO,45.63,46.09,45.57,45.94,686106
2024-02-21,CSCO,46.04,46.15,45.56,46.13,442740
2024-02-22,CSCO,46.02,46.32,45.82,46.17,646341
2024-02-23,CSCO,46.23,46.73,46.13,46.46,304059
2024-02-26,CSCO,46.49,46.49,46.0,46.0,285408
2024-02-27,CSCO,45.8,46.06,45.67,45.97,355399
2024-02-28,CSCO,45.85,46.11,45.66,45.72,425912
2024-02-29,CSCO,45.82,46.11,45.79,45.96,285304
2024-03-01,CSCO,45.8,46.05,45.35,46.02,388008
2024-03-04,CSCO,45.95,47.02,45.88,46.73,604877
2024-03-05,CSCO,46.62,46.65,46.21,46.58,428041
2024-03-06,CSCO,46.59,46.99,46.57,46.78,758461
2024-03-07,CSCO,47.02,47.04,46.44,46.5,690728
2024-03-08,CSCO,46.48,47.34,46.46,47.09,1028494
2024-03-11,CSCO,47.32,47.84,47.17,47.79,533151
2024-03-12,CSCO,47.98,48.0,47.45,47.61,517920
2024-03-13,CSCO,47.57,47.7,47.4,47.67,460359
2024-03-14,CSCO,47.84,47.87,47.18,47.39,452958
2024-03-15,CSCO,47.35,47.51,46.52,46.53,764798
2024-03-18,CSCO,46.79,47.23,46.61,46.84,446290
2024-03-19,CSCO,46.72,47.17,46.58,46.74,377536
2024-03-20,CSCO,46.57,47.16,46.55,47.09,583370
2024-03-21,CSCO,47.3,47.73,47.19,47.45,464597
2024-03-22,CSCO,47.59,47.63,47.3,47.35,283282
2024-03-25,CSCO,47.02,47.32,46.89,47.28,307613
2024-03-26,CSCO,47.11,47.37,47.07,47.15,317163
2024-03-27,CSCO,47.26,47.46,47.0,47.34,366098
2024-03-28,CSCO,47.48,47.74,47.4,47.44,327591
2024-04-01,CSCO,47.52,47.75,47.44,47.58,368856
2024-04-02,CSCO,47.5,47.56,46.75,46.96,452879
2024-04-03,CSCO,46.78,47.18,46.67,46.75,392644
2024-04-04,CSCO,47.14,47.51,46.07,46.15,322103
2024-04-05,CSCO,46.08,46.67,46.08,46.55,727826
2024-04-08,CSCO,46.22,46.66,46.22,46.28,397323
2024-04-09,CSCO,46.65,48.13,46.53,47.98,1155570
2024-04-10,CSCO,47.68,47.73,46.81,47.17,584382
2024-04-11,CSCO,47.32,47.54,46.99,47.47,410954
2024-04-12,CSCO,47.12,47.18,46.45,46.52,505475
2024-04-15,CSCO,47.67,47.71,46.23,46.26,500201
2024-04-16,CSCO,46.43,46.52,45.89,45.94,400704
2024-04-17,CSCO,45.93,46.29,45.76,45.82,409140
2024-04-18,CSCO,46.26,46.37,45.91,46.13,440966
2024-04-19,CSCO,46.28,46.44,46.06,46.35,608966
2024-04-22,CSCO,46.5,46.59,46.03,46.15,407988
2024-04-23,CSCO,46.12,46.46,46.08,46.33,630654
2024-04-24,CSCO,46.08,46.39,45.98,46.35,348741
2024-04-25,CSCO,46.8,46.87,45.89,46.14,604006
2024-04-26,CSCO,45.66,46.29,45.66,45.88,310076
2024-04-29,CSCO,46.0,46.33,45.63,45.82,438726
2024-04-30,CSCO,45.69,45.69,45.04,45.06,397921
2024-05-01,CSCO,44.78,45.61,44.78,44.89,260256
2024-05-02,CSCO,45.09,45.17,44.69,44.89,348211
2024-05-03,CSCO,45.19,45.45,44.93,45.19,391441
2024-05-06,CSCO,45.32,45.48,45.04,45.17,183742
2024-05-07,CSCO,45.27,45.5,45.08,45.32,359021
2024-05-08,CSCO,45.52,46.16,45.31,46.01,323497
2024-05-09,CSCO,46.03,46.12,45.7,45.85,284438
2024-05-10,CSCO,45.9,46.13,45.75,46.08,268096
2024-05-13,CSCO,46.28,46.81,46.26,46.69,413999
2024-05-14,CSCO,47.0,47.09,46.4,46.91,557697
2024-05-15,CSCO,47.18,47.68,46.75,47.65,794209
2024-05-16,CSCO,48.02,48.02,46.19,46.36,1174577
2024-05-17,CSCO,46.22,46.54,46.14,46.21,414142
2024-05-20,CSCO,46.04,46.1,45.08,45.2,657782
2024-05-21,CSCO,45.14,45.19,44.7,45.02,645746
2024-05-22,CSCO,45.12,45.86,45.11,45.5,429746
2024-05-23,CSCO,45.19,45.19,44.61,44.7,432658
2024-05-24,CSCO,44.75,44.86,44.48,44.52,177152
2024-05-28,CSCO,44.26,44.95,44.09,44.37,360730
2024-05-29,CSCO,44.01,44.43,43.97,44.22,276583
2024-05-30,CSCO,44.26,44.54,44.12,44.24,421881
2024-05-31,CSCO,44.19,44.66,44.13,44.61,503603
2024-06-03,CSCO,44.81,44.85,44.39,44.75,294277
2024-06-04,CSCO,44.78,45.64,44.61,45.46,554748
2024-06-05,CSCO,45.63,45.63,43.77,44.13,943520
2024-06-06,CSCO,44.05,44.48,43.91,44.33,357615
2024-06-07,CSCO,44.02,44.38,43.91,43.96,353778
2024-06-10,CSCO,43.8,43.98,43.41,43.98,243174
2024-06-11,CSCO,43.82,44.04,43.51,43.89,297985
2024-06-12,CSCO,44.15,44.15,43.53,43.77,388791
2024-06-13,CSCO,43.55,43.68,43.27,43.65,250735
2024-06-14,CSCO,43.45,43.82,43.13,43.82,202962
2024-06-17,CSCO,43.54,43.83,43.11,43.82,700773
2024-06-18,CSCO,43.79,44.1,43.7,44.1,317826
2024-06-20,CSCO,44.01,44.94,43.99,44.82,619419
2024-06-21,CSCO,45.16,45.88,45.14,45.34,544171
2024-06-24,CSCO,45.51,45.81,45.09,45.36,421633
2024-06-25,CSCO,45.25,45.83,45.11,45.45,414398
2024-06-26,CSCO,45.19,45.45,44.88,44.96,331409
2024-06-27,CSCO,44.89,45.55,44.88,45.49,349305
2024-06-28,CSCO,45.45,45.89,45.41,45.55,459098
2024-07-01,CSCO,45.48,45.84,45.48,45.56,323553
2024-07-02,CSCO,45.49,45.83,45.04,45.36,216829
2024-07-03,CSCO,45.19,45.56,45.13,45.17,138287
2024-07-05,CSCO,44.94,45.22,44.79,45.11,238821
2024-07-08,CSCO,44.95,45.24,44.45,44.53,235151
2024-07-09,CSCO,44.5,44.59,44.15,44.29,376506
2024-07-10,CSCO,44.54,44.77,44.33,44.75,425790
2024-07-11,CSCO,44.71,45.36,44.71,45.24,659976
2024-07-12,CSCO,45.18,46.28,45.12,45.82,462943
2024-07-15,CSCO,45.83,45.92,45.25,45.86,312182
2024-07-16,CSCO,45.97,46.39,45.66,45.86,434902
2024-07-17,CSCO,45.88,47.14,45.8,46.95,762900
2024-07-18,CSCO,46.64,47.03,46.4,46.46,404009
2024-07-19,CSCO,46.46,46.47,45.6,45.76,483512
2024-07-22,CSCO,45.78,45.81,45.23,45.26,280850
2024-07-23,CSCO,45.21,45.24,44.83,44.84,282900
2024-07-24,CSCO,44.97,45.49,44.74,45.3,463180
2024-07-25,CSCO,45.72,46.6,45.54,45.69,513228
2024-07-26,CSCO,45.82,46.43,45.79,46.29,311656
2024-07-29,CSCO,46.25,46.62,45.89,46.42,289728
2024-07-30,CSCO,46.6,46.92,46.32,46.55,488206
2024-07-31,CSCO,46.81,47.16,46.69,46.85,366792
2024-08-01,CSCO,47.04,47.1,45.65,45.83,455614
2024-08-02,CSCO,46.17,46.17,44.83,45.11,516444
2024-08-05,CSCO,45.09,45.1,43.23,43.3,1014347
2024-08-06,CSCO,43.25,44.23,43.18,43.65,370283
2024-08-07,CSCO,44.08,44.67,43.61,43.65,333011
2024-08-08,CSCO,43.81,44.75,43.81,44.33,524890
2024-08-09,CSCO,44.14,44.54,43.75,43.98,659757
2024-08-12,CSCO,44.07,44.24,43.26,43.38,567291
2024-08-13,CSCO,43.53,43.89,43.42,43.87,551526
2024-08-14,CSCO,43.58,44.23,43.58,43.94,914253
2024-08-15,CSCO,47.15,48.62,46.58,46.93,1181391
2024-08-16,CSCO,46.99,48.1,46.91,47.86,880364
2024-08-19,CSCO,47.72,48.35,47.72,48.34,403903
2024-08-20,CSCO,48.34,48.71,47.97,48.59,553398
2024-08-21,CSCO,48.68,48.89,48.39,48.79,393188
2024-08-22,CSCO,49.06,49.23,48.53,48.6,532034
2024-08-23,CSCO,48.92,49.1,48.67,49.04,383213
2024-08-26,CSCO,49.12,49.34,49.06,49.14,371945
2024-08-27,CSCO,49.0,49.17,48.75,49.06,355289
2024-08-28,CSCO,48.76,48.9,47.79,48.2,517659
2024-08-29,CSCO,48.41,49.15,48.26,48.75,616264
2024-08-30,CSCO,48.94,49.01,48.43,48.86,382218
2024-09-03,CSCO,48.6,48.83,48.27,48.44,645000
2024-09-04,CSCO,48.29,48.38,47.96,48.07,325068
2024-09-05,CSCO,47.87,48.0,47.33,47.53,473213
2024-09-06,CSCO,47.35,47.58,46.62,46.91,589742
2024-09-09,CSCO,46.99,47.53,46.69,47.1,379873
2024-09-10,CSCO,47.19,47.36,46.85,47.19,372025
2024-09-11,CSCO,47.08,47.58,46.29,47.49,504198
2024-09-12,CSCO,47.49,48.01,47.26,48.0,494685
2024-09-13,CSCO,48.11,48.41,48.06,48.16,389550
2024-09-16,CSCO,48.23,49.39,48.15,49.36,474731
2024-09-17,CSCO,49.34,49.72,48.91,48.97,570726
2024-09-18,CSCO,48.92,49.44,48.62,48.94,431301
2024-09-19,CSCO,49.69,50.01,49.47,49.74,600955
2024-09-20,CSCO,49.76,50.61,49.73,50.27,601234
2024-09-23,CSCO,50.32,50.71,50.21,50.49,367849
2024-09-24,CSCO,50.55,50.83,50.3,50.81,624367
2024-09-25,CSCO,50.84,50.99,50.65,50.93,567397
2024-09-26,CSCO,51.26,51.54,51.03,51.11,657823
2024-09-27,CSCO,51.34,51.47,51.12,51.28,375589
2024-09-30,CSCO,51.37,51.56,50.92,51.47,460421
2024-10-01,CSCO,51.36,51.4,50.59,51.0,409560
2024-10-02,CSCO,51.06,51.48,50.82,51.28,385803
2024-10-03,CSCO,50.84,51.32,50.84,51.09,325250
2024-10-04,CSCO,51.42,51.54,51.08,51.39,327120
2024-10-07,CSCO,51.28,51.5,51.04,51.17,288249
2024-10-08,CSCO,51.38,51.41,50.88,51.37,405557
2024-10-09,CSCO,51.31,52.31,51.24,52.2,496611
2024-10-10,CSCO,52.19,52.44,52.07,52.17,300682
2024-10-11,CSCO,52.35,52.94,52.29,52.87,783665
2024-10-14,CSCO,52.85,53.01,52.45,52.89,329682
2024-10-15,CSCO,53.06,53.21,52.56,52.73,869711
2024-10-16,CSCO,53.69,54.97,53.46,54.95,1220554
2024-10-17,CSCO,54.98,55.13,54.45,54.94,720857
2024-10-18,CSCO,55.01,55.42,54.8,55.32,1014004
2024-10-21,CSCO,55.29,55.6,55.07,55.15,281166
2024-10-22,CSCO,54.67,55.45,54.46,55.14,474790
2024-10-23,CSCO,54.85,55.13,54.56,54.87,425108
2024-10-24,CSCO,54.95,55.1,54.39,54.54,446390
2024-10-25,CSCO,54.75,55.17,54.26,54.33,547459
2024-10-28,CSCO,54.47,54.47,53.81,53.89,374846
2024-10-29,CSCO,53.9,54.67,53.9,54.25,383249
2024-10-30,CSCO,54.15,54.58,53.96,54.18,366162
2024-10-31,CSCO,53.97,54.07,53.31,53.37,772987
2024-11-01,CSCO,53.21,54.38,53.21,54.07,556047
2024-11-04,CSCO,54.05,54.48,53.73,54.42,543004
2024-11-05,CSCO,54.43,54.84,54.1,54.74,351336
2024-11-06,CSCO,55.69,56.6,55.52,56.38,765531
2024-11-07,CSCO,56.37,56.81,56.09,56.63,515644
2024-11-08,CSCO,56.62,56.71,56.19,56.6,686438
2024-11-11,CSCO,57.52,57.86,56.88,57.16,742239
2024-11-12,CSCO,57.21,57.52,56.95,57.23,753302
2024-11-13,CSCO,56.6,57.77,56.4,57.72,1472630
2024-11-14,CSCO,57.4,57.46,56.05,56.41,1312207
2024-11-15,CSCO,56.04,56.6,55.77,55.98,1313005
2024-11-18,CSCO,56.08,56.51,55.78,55.86,585246
2024-11-19,CSCO,55.39,55.58,54.92,55.55,707281
2024-11-20,CSCO,55.39,56.03,55.19,56.03,448058
2024-11-21,CSCO,55.96,56.45,55.67,56.1,634768
2024-11-22,CSCO,56.13,57.19,56.01,57.06,536424
2024-11-25,CSCO,57.21,57.45,56.79,57.25,763280
2024-11-26,CSCO,57.47,58.11,57.44,58.05,559888
2024-11-27,CSCO,58.21,58.34,57.43,57.8,425170
2024-11-29,CSCO,57.67,58.07,57.54,57.72,309616
2024-12-02,CSCO,57.73,58.17,57.71,57.92,501237
2024-12-03,CSCO,57.87,58.0,57.67,57.95,370993
2024-12-04,CSCO,58.08,58.31,57.76,58.09,609241
2024-12-05,CSCO,58.24,58.68,58.24,58.52,653584
2024-12-06,CSCO,58.42,58.55,58.24,58.34,679914
2024-12-09,CSCO,58.24,58.34,57.36,57.44,492665
2024-12-10,CSCO,57.04,57.36,56.66,57.22,673348
2024-12-11,CSCO,57.31,57.46,56.83,57.09,561664
2024-12-12,CSCO,57.16,58.2,57.16,57.34,476134
2024-12-13,CSCO,57.21,57.43,56.9,57.12,474439
2024-12-16,CSCO,56.95,56.99,56.38,56.85,764635
2024-12-17,CSCO,56.88,57.56,56.69,57.02,961942
2024-12-18,CSCO,57.06,57.17,56.02,56.03,714158
2024-12-19,CSCO,55.95,56.66,55.93,56.14,815281
2024-12-20,CSCO,56.04,57.28,55.83,57.03,832682
2024-12-23,CSCO,56.8,57.14,56.71,56.88,55824
2024-12-24,CSCO,57.35,58.32,57.35,58.31,264885
2024-12-26,CSCO,58.02,58.52,57.9,58.46,229854
2024-12-27,CSCO,58.13,58.49,57.63,58.11,326961
2024-12-30,CSCO,57.61,57.87,56.92,57.67,457778
2024-12-31,CSCO,57.73,57.86,57.27,57.7,482589
2025-01-02,CSCO,57.75,58.16,57.08,57.59,517147
2025-01-03,CSCO,57.84,58.05,57.26,57.72,591526
2025-01-06,CSCO,57.85,58.45,57.48,57.66,547996
2025-01-07,CSCO,57.87,58.13,57.54,57.81,465171
2025-01-08,CSCO,57.73,58.12,57.2,58.07,418601
2025-01-10,CSCO,57.72,57.95,57.44,57.59,630498
2025-01-13,CSCO,57.75,57.81,57.07,57.63,543012
2025-01-14,CSCO,57.86,58.22,57.64,58.22,399930
2025-01-15,CSCO,58.7,59.19,58.49,58.84,710043
2025-01-16,CSCO,59.1,59.3,58.65,58.68,535658
2025-01-17,CSCO,59.65,59.65,59.06,59.1,582734
2025-01-21,CSCO,59.33,60.16,59.24,59.86,362959
2025-01-22,CSCO,59.84,60.59,59.84,60.46,587358
2025-01-23,CSCO,60.48,61.14,60.23,61.06,460206
2025-01-24,CSCO,60.94,61.11,60.69,61.05,324485
2025-01-27,CSCO,60.17,60.27,57.65,57.98,1459521
2025-01-28,CSCO,57.96,58.43,57.88,58.28,971916
2025-01-29,CSCO,58.9,59.38,58.39,58.42,466016
2025-01-30,CSCO,59.25,59.92,59.12,59.32,670956
2025-01-31,CSCO,59.49,60.04,59.33,59.44,424794
2025-02-03,CSCO,58.95,60.1,58.44,59.91,709041
2025-02-04,CSCO,59.59,60.43,59.59,60.17,286632
2025-02-05,CSCO,60.31,61.52,60.16,61.39,518332
2025-02-06,CSCO,61.6,61.71,60.91,61.09,455147
2025-02-07,CSCO,61.56,62.05,61.04,61.11,613648
2025-02-10,CSCO,61.93,61.93,61.2,61.62,658649
2025-02-11,CSCO,61.35,61.61,61.03,61.25,471537
2025-02-12,CSCO,60.25,61.38,60.05,61.3,641368
2025-02-13,CSCO,64.85,65.24,61.57,62.61,1485317
2025-02-14,CSCO,62.62,63.84,62.25,63.66,713566
2025-02-18,CSCO,63.96,64.99,63.21,63.36,661650
2025-02-19,CSCO,63.3,63.73,63.08,63.62,424352
2025-02-20,CSCO,63.79,63.99,63.06,63.44,357408
2025-02-21,CSCO,63.55,63.73,62.69,62.79,467222
2025-02-24,CSCO,63.34,63.35,62.0,62.06,447846
2025-02-25,CSCO,63.32,63.42,62.14,63.08,659696
2025-02-26,CSCO,62.89,63.55,62.74,62.88,417814
2025-02-27,CSCO,63.46,64.06,62.55,62.64,932064
2025-02-28,CSCO,62.67,62.95,61.65,62.89,724480
2025-03-03,CSCO,63.24,63.59,62.0,62.3,591336
2025-03-04,CSCO,62.54,62.7,61.44,62.07,967889
2025-03-05,CSCO,62.04,62.96,61.64,62.74,618869
2025-03-06,CSCO,62.6,62.81,61.73,62.2,744101
2025-03-07,CSCO,61.73,62.95,61.02,62.71,803375
2025-03-10,CSCO,62.15,62.49,60.52,60.89,1331622
2025-03-11,CSCO,61.16,61.19,59.39,59.49,964876
2025-03-12,CSCO,59.92,59.98,59.12,59.3,773593
2025-03-13,CSCO,59.28,59.33,58.11,58.56,718572
2025-03-14,CSCO,59.14,59.47,58.81,59.34,682143
2025-03-17,CSCO,59.25,60.06,59.24,59.74,546675
2025-03-18,CSCO,59.52,59.62,58.55,59.19,653237
2025-03-19,CSCO,59.43,60.41,59.43,59.98,690020
2025-03-20,CSCO,59.37,59.86,59.2,59.46,413406
2025-03-21,CSCO,59.1,59.23,58.3,59.2,1057279
2025-03-24,CSCO,59.86,60.22,59.74,59.8,583850
2025-03-25,CSCO,59.61,60.06,59.61,59.82,456208
2025-03-26,CSCO,59.94,60.67,59.87,60.63,792867
2025-03-27,CSCO,60.66,60.8,60.18,60.21,590630
2025-03-28,CSCO,60.32,60.61,59.38,59.7,931466
2025-03-31,CSCO,59.51,60.72,59.16,60.54,970135
2025-04-01,CSCO,60.29,60.87,59.91,60.62,655894
2025-04-02,CSCO,59.97,60.7,59.96,60.62,896052
2025-04-03,CSCO,58.65,59.18,56.58,56.62,1688053
2025-04-04,CSCO,55.95,56.77,53.8,53.88,1988613
2025-04-07,CSCO,52.66,55.46,51.51,53.76,1637922
2025-04-08,CSCO,54.12,55.19,52.1,52.6,1361747
2025-04-09,CSCO,52.45,57.74,52.05,57.41,1766004
2025-04-10,CSCO,57.21,57.25,54.35,55.9,1141517
2025-04-11,CSCO,56.0,57.11,55.62,56.66,847765
2025-04-14,CSCO,57.2,57.45,56.44,56.75,571043
2025-04-15,CSCO,57.18,57.2,56.4,56.49,476450
2025-04-16,CSCO,55.98,56.4,54.77,55.08,647250
2025-04-17,CSCO,55.46,55.73,55.03,55.08,628974
2025-04-21,CSCO,54.55,54.6,53.2,53.7,510738
2025-04-22,CSCO,54.45,54.62,53.94,54.36,770256
2025-04-23,CSCO,55.51,56.3,54.84,54.93,912055
2025-04-24,CSCO,54.72,55.88,54.52,55.61,729379
2025-04-25,CSCO,55.62,56.11,55.41,56.01,707408
2025-04-28,CSCO,55.84,56.65,55.75,56.16,619043
2025-04-29,CSCO,56.06,56.8,56.01,56.61,455069
2025-04-30,CSCO,56.32,57.21,55.8,57.01,504473
2025-05-01,CSCO,57.2,57.77,57.01,57.42,668042
2025-05-02,CSCO,58.36,58.71,58.06,58.59,481374
2025-05-05,CSCO,58.3,58.94,58.19,58.6,461395
2025-05-06,CSCO,57.98,58.8,57.9,58.5,389615
2025-05-07,CSCO,58.46,59.18,58.39,58.85,552355
2025-05-08,CSCO,59.24,59.56,58.73,58.99,536547
2025-05-09,CSCO,59.94,60.06,58.76,59.05,802465
2025-05-12,CSCO,60.9,61.11,60.4,60.95,807040
2025-05-13,CSCO,60.98,61.5,60.89,60.99,951327
2025-05-14,CSCO,60.97,61.13,60.14,60.54,1352513
2025-05-15,CSCO,62.32,64.96,62.18,63.53,3058807
2025-05-16,CSCO,63.13,63.22,62.24,62.84,1061406
2025-05-19,CSCO,62.68,63.36,62.44,63.16,582680
2025-05-20,CSCO,62.98,63.09,62.33,62.66,526651
2025-05-21,CSCO,62.28,63.14,62.26,62.43,703843
2025-05-22,CSCO,62.55,62.96,62.21,62.61,526979
2025-05-23,CSCO,61.96,62.46,61.8,62.39,636440
2025-05-27,CSCO,63.02,63.22,62.59,62.99,686216
2025-05-28,CSCO,63.14,63.22,62.54,62.6,392413
2025-05-29,CSCO,62.93,62.94,61.75,62.31,754722
2025-05-30,CSCO,62.17,62.42,61.56,62.24,507565
2025-06-02,CSCO,61.98,63.12,61.98,63.11,570348
2025-06-03,CSCO,63.04,63.69,63.0,63.6,444599
2025-06-04,CSCO,63.82,64.11,63.59,63.64,520312
2025-06-05,CSCO,63.78,64.14,63.54,63.87,932204
2025-06-06,CSCO,64.54,65.37,64.52,65.27,811843
2025-06-09,CSCO,65.33,65.57,64.82,65.09,495886
2025-06-10,CSCO,65.12,65.29,64.04,64.4,631295
2025-06-11,CSCO,64.37,64.37,63.11,63.44,538835
2025-06-12,CSCO,63.58,64.43,63.37,64.37,452590
2025-06-13,CSCO,63.83,63.95,63.18,63.35,491050
2025-06-16,CSCO,64.34,64.83,64.08,64.73,568586
2025-06-17,CSCO,64.81,65.37,64.25,64.57,650569
2025-06-18,CSCO,64.91,65.53,64.61,65.07,824178
2025-06-20,CSCO,65.55,65.83,64.95,65.59,1273909
2025-06-23,CSCO,65.51,66.69,65.48,66.58,710876
2025-06-24,CSCO,66.98,67.23,66.56,67.09,724141
2025-06-25,CSCO,67.04,67.71,66.99,67.39,516820
2025-06-26,CSCO,67.9,68.34,67.65,68.13,883721
2025-06-27,CSCO,68.1,68.39,67.53,67.83,624799
2025-06-30,CSCO,68.05,68.68,67.94,68.52,596498
2025-07-01,CSCO,68.56,68.72,67.83,68.28,836359
2025-07-02,CSCO,67.92,68.06,67.37,67.8,586523
2025-07-03,CSCO,67.77,69.05,67.77,68.93,470578
2025-07-07,CSCO,68.62,68.86,68.2,68.52,442740
2025-07-08,CSCO,68.41,68.5,67.94,68.19,440615
2025-07-09,CSCO,68.13,68.9,67.9,68.86,599170
2025-07-10,CSCO,68.84,68.96,68.16,68.37,527132
2025-07-11,CSCO,67.92,68.07,67.28,67.52,664599
2025-07-14,CSCO,67.41,67.62,66.81,67.41,628281
2025-07-15,CSCO,67.3,67.46,66.75,66.76,643409
2025-07-16,CSCO,66.77,67.15,66.58,66.98,544495
2025-07-17,CSCO,67.24,68.05,67.11,67.9,666533
2025-07-18,CSCO,68.36,68.38,67.56,67.65,506343
2025-07-21,CSCO,67.52,68.2,67.38,67.95,434554
2025-07-22,CSCO,67.89,68.17,67.67,67.74,557561
2025-07-23,CSCO,67.94,68.41,67.66,68.21,527260
2025-07-24,CSCO,67.92,68.17,67.52,67.88,547139
2025-07-25,CSCO,67.97,68.4,67.67,68.29,437630
2025-07-28,CSCO,67.4,67.55,66.98,67.51,762075
2025-07-29,CSCO,67.78,68.31,67.42,67.57,775102
2025-07-30,CSCO,67.49,68.15,66.96,67.86,768822
2025-07-31,CSCO,67.98,68.73,67.48,67.67,818652
2025-08-01,CSCO,67.04,67.04,66.13,66.69,818924
2025-08-04,CSCO,67.27,68.08,67.24,68.07,728137
2025-08-05,CSCO,68.35,68.45,67.04,67.11,533278
2025-08-06,CSCO,67.55,68.93,67.36,68.8,673152
2025-08-07,CSCO,69.31,69.71,68.8,69.51,980822
2025-08-08,CSCO,69.83,71.59,69.83,71.37,1730032
2025-08-11,CSCO,71.86,72.07,69.92,70.28,1129777
2025-08-12,CSCO,70.34,71.07,70.14,70.95,709665
2025-08-13,CSCO,71.43,71.58,69.85,69.85,1346467
2025-08-14,CSCO,67.56,70.17,67.09,68.84,1204767
2025-08-15,CSCO,68.18,68.18,65.46,65.81,1972268
2025-08-18,CSCO,65.56,66.7,65.4,66.55,928836
2025-08-19,CSCO,66.36,67.11,66.1,66.37,749619
2025-08-20,CSCO,66.46,66.78,66.15,66.68,635666
2025-08-21,CSCO,66.72,66.77,66.08,66.62,478275
2025-08-22,CSCO,66.93,67.62,66.61,66.92,608124
2025-08-25,CSCO,66.87,67.09,66.72,66.74,443552
2025-08-26,CSCO,66.79,68.34,66.79,67.97,574718
2025-08-27,CSCO,67.94,68.33,67.74,68.01,526902
2025-08-28,CSCO,68.01,69.16,67.94,69.01,621609
2025-08-29,CSCO,68.7,69.02,68.42,68.72,760486
2025-09-02,CSCO,67.77,67.91,66.98,67.39,1140259
2025-09-03,CSCO,67.66,67.66,66.93,67.26,805522
2025-09-04,CSCO,67.69,67.99,67.02,67.55,725760
2025-09-05,CSCO,67.31,67.68,66.08,66.49,1164629
2025-09-08,CSCO,66.32,66.6,65.96,66.48,702170
2025-09-09,CSCO,66.34,67.03,66.25,66.93,461507
2025-09-10,CSCO,67.14,67.9,66.77,67.72,585880
2025-09-11,CSCO,67.83,68.16,67.1,67.27,1045175
2025-09-12,CSCO,66.56,66.85,65.74,66.1,912819
2025-09-15,CSCO,66.11,66.79,65.96,66.63,630131
2025-09-16,CSCO,66.62,66.96,66.16,66.53,668994
2025-09-17,CSCO,66.72,67.47,66.01,67.31,781262
2025-09-18,CSCO,67.48,68.35,67.09,68.23,758265
2025-09-19,CSCO,68.46,68.46,66.8,67.77,990610
2025-09-22,CSCO,67.5,67.59,66.9,67.32,701332
2025-09-23,CSCO,67.15,67.8,66.68,67.12,831015
2025-09-24,CSCO,67.36,67.41,66.49,66.92,739650
2025-09-25,CSCO,66.9,67.82,66.74,67.4,551780
2025-09-26,CSCO,67.45,67.49,66.46,66.81,777201
2025-09-29,CSCO,67.31,67.54,67.07,67.33,521475
2025-09-30,CSCO,67.33,68.35,67.29,67.99,791202
2025-10-01,CSCO,67.44,68.4,67.29,68.32,716100
2025-10-02,CSCO,68.76,69.03,67.85,67.89,677554
2025-10-03,CSCO,68.1,68.575,67.68,67.94,556756
2025-10-06,CSCO,68.45,68.945,67.815,68.91,650747
2025-10-07,CSCO,68.915,69.21,68.445,68.99,941667
2025-10-08,CSCO,69.615,70.75,69.015,70.31,1246522
2025-10-09,CSCO,70.295,70.61,69.05,69.98,955418
2025-10-10,CSCO,70.39,70.77,67.895,67.95,1084997
2025-10-13,CSCO,68.585,68.865,67.14,67.44,769972
2025-10-14,CSCO,67.05,69.155,66.9,68.67,638230
2025-10-15,CSCO,69.27,70.295,68.845,69.55,794278
2025-10-16,CSCO,69.82,70.005,68.575,69.06,586512
2025-10-17,CSCO,69.06,70.765,68.965,70.14,947803
2025-10-20,CSCO,70.33,70.94,70.26,70.61,465073
2025-10-21,CSCO,70.58,71.23,70.38,70.71,710604
2025-10-22,CSCO,70.87,70.95,69.865,70.65,1032633
2025-10-23,CSCO,70.6,71.235,70.23,70.28,810781
2025-10-24,CSCO,70.635,70.935,70.06,70.64,724855
2025-10-27,CSCO,70.54,71.46,70.43,71.37,641890
2025-10-28,CSCO,71.19,72.68,71.03,72.63,1116346
2025-10-29,CSCO,72.59,72.815,70.92,71.34,1011582
2025-10-30,CSCO,71.39,73.105,71.36,72.91,930393
2025-10-31,CSCO,72.7,73.475,72.46,73.12,1281215
2025-11-03,CSCO,74.61,74.695,73.73,74.475,1154378
2025-11-04,CSCO,73.79,73.88,72.135,72.34,1074956
2025-11-05,CSCO,72.125,72.575,71.43,72.1,886796
2025-11-06,CSCO,71.79,72.215,70.71,71.08,805284
2025-11-07,CSCO,71.385,71.58,70.55,71.08,1006316
2025-11-10,CSCO,71.815,72.5,71.165,72.09,1183673
2025-11-11,CSCO,71.87,72.215,71.1,71.75,1472763
2025-11-12,CSCO,71.905,74.205,71.73,73.975,3013190
2025-11-13,CSCO,77.96,79.5,76.67,77.4,2659256
2025-11-14,CSCO,76.71,78.665,75.85,78.04,2023196
2025-11-17,CSCO,77.885,79.385,77.47,77.8,1796597
2025-11-18,CSCO,77.545,78.2,76.45,77.37,2185087
2025-11-19,CSCO,77.235,78.93,77.22,78.385,1517703
2025-11-20,CSCO,79.155,80.05,75.325,75.46,2308157
2025-11-21,CSCO,75.59,76.94,75.56,76.11,1594271
2025-11-24,CSCO,76.45,76.86,75.71,76.24,652064
2025-11-25,CSCO,76.49,77.05,76.08,76.27,928660
2025-11-26,CSCO,76.455,76.6,75.345,76.04,1021061
2025-11-28,CSCO,76.18,76.925,75.86,76.89,381096
2025-12-01,CSCO,76.52,76.8,75.93,76.07,826215
2025-12-02,CSCO,76.3,76.98,75.76,76.85,943905
2025-12-03,CSCO,76.585,77.81,75.66,77.77,899261
2025-12-04,CSCO,77.67,77.855,77.18,77.75,750550
2025-12-05,CSCO,77.71,78.19,77.395,77.95,874813
2025-12-08,CSCO,78.21,79.38,78.15,78.87,1174671
2025-12-09,CSCO,78.74,79.86,78.53,79.52,894733
2025-12-10,CSCO,78.955,80.815,78.81,80.26,1218199
2025-12-11,CSCO,80.32,80.34,78.835,79.28,1008543
2025-12-12,CSCO,79.47,79.47,77.715,77.82,982537
2025-12-15,CSCO,78.32,78.705,77.535,78.25,864575
2025-12-16,CSCO,78.16,78.6,77.38,77.53,857561
2025-12-17,CSCO,77.78,78.185,75.96,76.0,1275118
2025-12-18,CSCO,76.4,77.805,76.26,76.95,1019923
2025-12-19,CSCO,76.885,79.17,76.81,78.4,1083438
2025-12-22,CSCO,78.98,79.145,77.955,78.11,595855
